organism_id	organism_name	taxonomy_query_name
M1M_ORG001	Methanobrevibacter ruminantium M1	Methanobrevibacter ruminantium
M1M_ORG002	Methanosarcina mazei Go1	Methanosarcina mazei
M1M_ORG003	Methanothrix soehngenii GP6	Methanothrix soehngenii
M1M_ORG004	Nitrosopumilus maritimus SCM1	Nitrosopumilus maritimus
M1M_ORG005	Haloferax volcanii DS2	Haloferax volcanii
M1M_ORG006	Methanobrevibacter smithii ATCC 35061 strain PS	Methanobrevibacter smithii
M1M_ORG007	Methanocaldococcus infernus strain ME	Methanocaldococcus infernus
M1M_ORG008	Sulfolobus acidocaldarius	Sulfolobus acidocaldarius
M1M_ORG009	Methanobrevibacter sp. AbM4	Methanobrevibacter sp. AbM4
M1M_ORG010	Methanospirillum hungatei JF-1	Methanospirillum hungatei
M1M_ORG011	Bacteroides fragilis NCTC 9343	Bacteroides fragilis
M1M_ORG012	Bacillus subtilis subsp. subtilis strain 168	Bacillus subtilis
M1M_ORG013	Clostridium acetobutylicum ATCC 824	Clostridium acetobutylicum
M1M_ORG014	Escherichia coli K-12 MG1655	Escherichia coli
M1M_ORG015	Salmonella enterica serovar Typhimurium LT2	Salmonella enterica
M1M_ORG016	Enterococcus faecalis V583	Enterococcus faecalis
