Query	Taxid	Tax name	Authority	Rank	Basionym	Basionym authority	Curator common name	Has type material	Group name	Domain/Realm name	Domain/Realm taxid	Kingdom name	Kingdom taxid	Phylum name	Phylum taxid	Class name	Class taxid	Order name	Order taxid	Family name	Family taxid	Genus name	Genus taxid	Species name	Species taxid	Scientific name is formal
1351	1351	Enterococcus faecalis	(Andrewes and Horder 1906) Schleifer and Kilpper-Balz 1984	SPECIES	Streptococcus faecalis	Andrewes and Horder 1906 (Approved Lists 1980)		yes	firmicutes	Bacteria	2	Bacillati	1783272	Bacillota	1239	Bacilli	91061	Lactobacillales	186826	Enterococcaceae	81852	Enterococcus	1350	Enterococcus faecalis	1351	TRUE
1423	1423	Bacillus subtilis	(Ehrenberg 1835) Cohn 1872 (Approved Lists 1980)	SPECIES	"Vibrio subtilis"	Ehrenberg 1835		yes	firmicutes	Bacteria	2	Bacillati	1783272	Bacillota	1239	Bacilli	91061	Caryophanales	1385	Bacillaceae	186817	Bacillus	1386	Bacillus subtilis	1423	TRUE
1488	1488	Clostridium acetobutylicum	McCoy et al. 1926 (Approved Lists 1980)	SPECIES				yes	firmicutes	Bacteria	2	Bacillati	1783272	Bacillota	1239	Clostridia	186801	Eubacteriales	186802	Clostridiaceae	31979	Clostridium	1485	Clostridium acetobutylicum	1488	TRUE
2173	2173	Methanobrevibacter smithii	Balch and Wolfe 1981	SPECIES				yes	euryarchaeotes	Archaea	2157	Methanobacteriati	3366610	Methanobacteriota	28890	Methanobacteria	183925	Methanobacteriales	2158	Methanobacteriaceae	2159	Methanobrevibacter	2172	Methanobrevibacter smithii	2173	TRUE
2203	2203	Methanospirillum hungatei	Ferry et al. 1974 (Approved Lists 1980)	SPECIES				yes	euryarchaeotes	Archaea	2157	Methanobacteriati	3366610	Methanobacteriota	28890	Methanomicrobia	224756	Methanomicrobiales	2191	Methanospirillaceae	196137	Methanospirillum	2202	Methanospirillum hungatei	2203	TRUE
2209	2209	Methanosarcina mazei	(Barker 1936) Mah and Kuhn 1986	SPECIES				yes	euryarchaeotes	Archaea	2157	Methanobacteriati	3366610	Methanobacteriota	28890	Methanomicrobia	224756	Methanosarcinales	94695	Methanosarcinaceae	2206	Methanosarcina	2207	Methanosarcina mazei	2209	TRUE
2223	2223	Methanothrix soehngenii	Huser et al. 1983	SPECIES				yes	euryarchaeotes	Archaea	2157	Methanobacteriati	3366610	Methanobacteriota	28890	Methanomicrobia	224756	Methanotrichales	2905377	Methanotrichaceae	143067	Methanothrix	2222	Methanothrix soehngenii	2223	TRUE
2246	2246	Haloferax volcanii	(Mullakhanbhai and Larsen 1975) Torreblanca et al. 1986	SPECIES	Halobacterium volcanii	Mullakhanbhai and Larsen 1975 (Approved Lists 1980)		yes	euryarchaeotes	Archaea	2157	Methanobacteriati	3366610	Methanobacteriota	28890	Halobacteria	183963	Halobacteriales	2235	Haloferacaceae	1644056	Haloferax	2251	Haloferax volcanii	2246	TRUE
224719	224719	Methanobrevibacter sp. AbM4		SPECIES				no	euryarchaeotes	Archaea	2157	Methanobacteriati	3366610	Methanobacteriota	28890	Methanobacteria	183925	Methanobacteriales	2158	Methanobacteriaceae	2159	Methanobrevibacter	2172	Methanobrevibacter sp. AbM4	224719	FALSE
2285	2285	Sulfolobus acidocaldarius	Brock et al. 1972	SPECIES				yes	crenarchaeotes	Archaea	2157	Thermoproteati	1783275	Thermoproteota	28889	Thermoprotei	183924	Sulfolobales	2281	Sulfolobaceae	118883	Sulfolobus	2284	Sulfolobus acidocaldarius	2285	TRUE
28901	28901	Salmonella enterica	(ex Kauffmann and Edwards 1952) Le Minor and Popoff 1987	SPECIES				yes	enterobacteria	Bacteria	2	Pseudomonadati	3379134	Pseudomonadota	1224	Gammaproteobacteria	1236	Enterobacterales	91347	Enterobacteriaceae	543	Salmonella	590	Salmonella enterica	28901	TRUE
338192	338192	Nitrosopumilus maritimus	Qin et al. 2017	SPECIES				yes	archaea	Archaea	2157	Thermoproteati	1783275	Nitrososphaerota	651137	Nitrososphaeria	1643678	Nitrosopumilales	31932	Nitrosopumilaceae	338190	Nitrosopumilus	338191	Nitrosopumilus maritimus	338192	TRUE
562	562	Escherichia coli	(Migula 1895) Castellani and Chalmers 1919 (Approved Lists 1980)	SPECIES				yes	enterobacteria	Bacteria	2	Pseudomonadati	3379134	Pseudomonadota	1224	Gammaproteobacteria	1236	Enterobacterales	91347	Enterobacteriaceae	543	Escherichia	561	Escherichia coli	562	TRUE
67760	67760	Methanocaldococcus infernus	(Jeanthon et al. 1998) Whitman 2002	SPECIES				yes	euryarchaeotes	Archaea	2157	Methanobacteriati	3366610	Methanobacteriota	28890	Methanococci	183939	Methanococcales	2182	Methanocaldococcaceae	196117	Methanocaldococcus	196118	Methanocaldococcus infernus	67760	TRUE
817	817	Bacteroides fragilis	(Veillon and Zuber 1898) Castellani and Chalmers 1919 (Approved Lists 1980)	SPECIES	"Bacillus fragilis"	Veillon and Zuber 1898		yes	CFB group bacteria	Bacteria	2	Pseudomonadati	3379134	Bacteroidota	976	Bacteroidia	200643	Bacteroidales	171549	Bacteroidaceae	815	Bacteroides	816	Bacteroides fragilis	817	TRUE
83816	83816	Methanobrevibacter ruminantium	(Smith and Hungate 1958) Balch and Wolfe 1981	SPECIES	Methanobacterium ruminantium	Smith and Hungate 1958 (Approved Lists 1980)		yes	euryarchaeotes	Archaea	2157	Methanobacteriati	3366610	Methanobacteriota	28890	Methanobacteria	183925	Methanobacteriales	2158	Methanobacteriaceae	2159	Methanobrevibacter	2172	Methanobrevibacter ruminantium	83816	TRUE
