template_id	sequence_length	sequence_sha256
M1M_16S_T001	1436	b963df887d3b311473fac794dc4a9b880be43426b4f7ae5ae12efffd43b81f6c
M1M_16S_T002	1474	37989db61696155511d10a0c255bdbb3d5eed796ebccf86c7baa52ec9a9bd7b8
M1M_16S_T003	1468	732422eaec7ed5dc1937a8783ff5643e045ad7ef988f6e8a6c36deb95444035d
M1M_16S_T004	1469	f24da024b182fa385bb04108882993bb36f87eedfe1a722441105962b3a60c6e
M1M_16S_T005	1473	0adbdbd10c2d90679fae3bff8f6d181821669a02f6740cdb776d946e64dbe0c2
M1M_16S_T006	1475	4720319ad840aa3bc278448ac8df262523f2a9cb04cdaa904a70272f2fb86dc3
M1M_16S_T007	1478	aab860ed16ccb93369fd2d8881ed3c9205faf20963a7c83ba6ea784fb5c50e4a
M1M_16S_T008	1493	6d6593c0f7547f857d73cbbc2e14097237db9fede37152ca4987271ab0381d0c
M1M_16S_T009	1477	00cb9be9dd64ffdf4c4b4be0490a9d87ac37bda2e187f69f3433fa068a703719
M1M_16S_T010	1477	f14b481108abdcac12ddbb77ae23b4e6779b5c9d953ab5e4767d9ecdaf1cb730
M1M_16S_T011	1466	8637c46f22aa0f30029870692a2bd6f235682f95bdd833381c16533c63b566ce
M1M_16S_T012	1466	7b61ab1fa8722500a0e6c6a676e25d93ba6a3e1deaebe97e356d5e249a451926
M1M_16S_T013	1529	92da04d708df09779542764a5fb3d6862ec31d20eb1bd1c9c859ac1c1279a2fa
M1M_16S_T014	1550	06cf0e4b260c4cb7c121b88825cf87d083ad1a2f4a4c721444605eae7884a015
M1M_16S_T015	1506	9d133d0a6b6f14c6661a2667283aca3fd6707106349fed9756f83051e05081f9
M1M_16S_T016	1542	c97bfd489a7e55a9fe54425639855112dbbf6b36ebb28359241b5a0f12755f17
M1M_16S_T017	1542	a0906970ddf6d90afe854ba8936e214eda2fbb9cd960b7615ecfc068b887ed0e
M1M_16S_T018	1545	b51563fdbf253b858fcdadc284ddf83b16f743128ba203e4972936b233435aed
M1M_16S_T019	1561	d404e9e07a1a6d5f100d6f4c297cfe9b2cb1f6e6f6f2b35b900fcdb1a164ac86
M1M_16S_T020	1561	22969166314cf7856b8b1e523fbb3a7757f8cfa1f6b973aa37e34d7d6ed8d7fd
