template_id	domain	organism_id	organism_name	source_sequence_id	exact_variant_id	otu97_id	ncbi_taxid	ncbi_domain	ncbi_phylum	ncbi_class	ncbi_order	ncbi_family	ncbi_genus	ncbi_species
M1M_16S_T001	Archaea	M1M_ORG001	Methanobrevibacter ruminantium M1	NR_074117.1	M1M_16S_VAR001	M1M_OTU97_001	83816	Archaea	Methanobacteriota	Methanobacteria	Methanobacteriales	Methanobacteriaceae	Methanobrevibacter	Methanobrevibacter ruminantium
M1M_16S_T002	Archaea	M1M_ORG002	Methanosarcina mazei Go1	NR_074221.1	M1M_16S_VAR002	M1M_OTU97_002	2209	Archaea	Methanobacteriota	Methanomicrobia	Methanosarcinales	Methanosarcinaceae	Methanosarcina	Methanosarcina mazei
M1M_16S_T003	Archaea	M1M_ORG003	Methanothrix soehngenii GP6	NR_102903.1	M1M_16S_VAR003	M1M_OTU97_003	2223	Archaea	Methanobacteriota	Methanomicrobia	Methanotrichales	Methanotrichaceae	Methanothrix	Methanothrix soehngenii
M1M_16S_T004	Archaea	M1M_ORG004	Nitrosopumilus maritimus SCM1	NR_102913.1	M1M_16S_VAR004	M1M_OTU97_004	338192	Archaea	Nitrososphaerota	Nitrososphaeria	Nitrosopumilales	Nitrosopumilaceae	Nitrosopumilus	Nitrosopumilus maritimus
M1M_16S_T005	Archaea	M1M_ORG005	Haloferax volcanii DS2	NR_074218.1	M1M_16S_VAR005	M1M_OTU97_005	2246	Archaea	Methanobacteriota	Halobacteria	Halobacteriales	Haloferacaceae	Haloferax	Haloferax volcanii
M1M_16S_T006	Archaea	M1M_ORG006	Methanobrevibacter smithii ATCC 35061 strain PS	NR_074235.1	M1M_16S_VAR006	M1M_OTU97_006	2173	Archaea	Methanobacteriota	Methanobacteria	Methanobacteriales	Methanobacteriaceae	Methanobrevibacter	Methanobrevibacter smithii
M1M_16S_T007	Archaea	M1M_ORG007	Methanocaldococcus infernus strain ME	NR_074258.1	M1M_16S_VAR007	M1M_OTU97_007	67760	Archaea	Methanobacteriota	Methanococci	Methanococcales	Methanocaldococcaceae	Methanocaldococcus	Methanocaldococcus infernus
M1M_16S_T008	Archaea	M1M_ORG008	Sulfolobus acidocaldarius	D14876.1	M1M_16S_VAR008	M1M_OTU97_008	2285	Archaea	Thermoproteota	Thermoprotei	Sulfolobales	Sulfolobaceae	Sulfolobus	Sulfolobus acidocaldarius
M1M_16S_T009	Archaea	M1M_ORG009	Methanobrevibacter sp. AbM4	NC_021355.1_16S_1	M1M_16S_VAR009	M1M_OTU97_009	224719	Archaea	Methanobacteriota	Methanobacteria	Methanobacteriales	Methanobacteriaceae	Methanobrevibacter	Methanobrevibacter sp. AbM4
M1M_16S_T010	Archaea	M1M_ORG009	Methanobrevibacter sp. AbM4	NC_021355.1_16S_2	M1M_16S_VAR010	M1M_OTU97_009	224719	Archaea	Methanobacteriota	Methanobacteria	Methanobacteriales	Methanobacteriaceae	Methanobrevibacter	Methanobrevibacter sp. AbM4
M1M_16S_T011	Archaea	M1M_ORG010	Methanospirillum hungatei JF-1	NC_007796.1_16S_1	M1M_16S_VAR011	M1M_OTU97_010	2203	Archaea	Methanobacteriota	Methanomicrobia	Methanomicrobiales	Methanospirillaceae	Methanospirillum	Methanospirillum hungatei
M1M_16S_T012	Archaea	M1M_ORG010	Methanospirillum hungatei JF-1	NC_007796.1_16S_2	M1M_16S_VAR012	M1M_OTU97_010	2203	Archaea	Methanobacteriota	Methanomicrobia	Methanomicrobiales	Methanospirillaceae	Methanospirillum	Methanospirillum hungatei
M1M_16S_T013	Bacteria	M1M_ORG011	Bacteroides fragilis NCTC 9343	NR_074784.2	M1M_16S_VAR013	M1M_OTU97_011	817	Bacteria	Bacteroidota	Bacteroidia	Bacteroidales	Bacteroidaceae	Bacteroides	Bacteroides fragilis
M1M_16S_T014	Bacteria	M1M_ORG012	Bacillus subtilis subsp. subtilis strain 168	NR_102783.2	M1M_16S_VAR014	M1M_OTU97_012	1423	Bacteria	Bacillota	Bacilli	Caryophanales	Bacillaceae	Bacillus	Bacillus subtilis
M1M_16S_T015	Bacteria	M1M_ORG013	Clostridium acetobutylicum ATCC 824	NR_074511.2	M1M_16S_VAR015	M1M_OTU97_013	1488	Bacteria	Bacillota	Clostridia	Eubacteriales	Clostridiaceae	Clostridium	Clostridium acetobutylicum
M1M_16S_T016	Bacteria	M1M_ORG014	Escherichia coli K-12 MG1655	NC_000913.3_16S_1	M1M_16S_VAR016	M1M_OTU97_014	562	Bacteria	Pseudomonadota	Gammaproteobacteria	Enterobacterales	Enterobacteriaceae	Escherichia	Escherichia coli
M1M_16S_T017	Bacteria	M1M_ORG014	Escherichia coli K-12 MG1655	NC_000913.3_16S_5	M1M_16S_VAR017	M1M_OTU97_015	562	Bacteria	Pseudomonadota	Gammaproteobacteria	Enterobacterales	Enterobacteriaceae	Escherichia	Escherichia coli
M1M_16S_T018	Bacteria	M1M_ORG015	Salmonella enterica serovar Typhimurium LT2	NC_003197.2_16S_7	M1M_16S_VAR018	M1M_OTU97_014	28901	Bacteria	Pseudomonadota	Gammaproteobacteria	Enterobacterales	Enterobacteriaceae	Salmonella	Salmonella enterica
M1M_16S_T019	Bacteria	M1M_ORG016	Enterococcus faecalis V583	NC_004668.1_16S_1	M1M_16S_VAR019	M1M_OTU97_016	1351	Bacteria	Bacillota	Bacilli	Lactobacillales	Enterococcaceae	Enterococcus	Enterococcus faecalis
M1M_16S_T020	Bacteria	M1M_ORG016	Enterococcus faecalis V583	NC_004668.1_16S_2	M1M_16S_VAR020	M1M_OTU97_016	1351	Bacteria	Bacillota	Bacilli	Lactobacillales	Enterococcaceae	Enterococcus	Enterococcus faecalis
