template_id	source_sequence_id	parent_accession	gene	locus_tag	old_locus_tag	start_1based	end_1based	strand	provenance_source
M1M_16S_T009	NC_021355.1_16S_1	NC_021355.1	.	ABM4_RS01930	Abm4_1740	476429	477905	+	NCBI_GenBank_annotation
M1M_16S_T010	NC_021355.1_16S_2	NC_021355.1	.	ABM4_RS03100	Abm4_1743	766738	768214	+	NCBI_GenBank_annotation
M1M_16S_T011	NC_007796.1_16S_1	NC_007796.1	.	MHUN_RS00130	Mhun_R0001	39814	41279	+	NCBI_GenBank_annotation
M1M_16S_T012	NC_007796.1_16S_2	NC_007796.1	.	MHUN_RS06045	Mhun_R0027	1301079	1302544	-	NCBI_GenBank_annotation
M1M_16S_T016	NC_000913.3_16S_1	NC_000913.3	rrsH	b0201	.	223771	225312	+	NCBI_GenBank_annotation
M1M_16S_T017	NC_000913.3_16S_5	NC_000913.3	rrsA	b3851	.	4035531	4037072	+	NCBI_GenBank_annotation
M1M_16S_T018	NC_003197.2_16S_7	NC_003197.2	rrsE	STM4177	.	4394688	4396232	+	NCBI_GenBank_annotation
M1M_16S_T019	NC_004668.1_16S_1	NC_004668.1	.	EF_RS01225	.	248459	250019	+	NCBI_GenBank_annotation
M1M_16S_T020	NC_004668.1_16S_2	NC_004668.1	.	EF_RS05015	.	1018180	1019740	+	NCBI_GenBank_annotation
