template_id	marker	template_sequence_type	domain	organism_id	organism_name	source_type	source_accession	source_sequence_id	sequence_length	sequence_sha256	exact_variant_id	otu97_id	vsearch_cluster_id	otu97_centroid_source_id	selected_final
M1M_16S_T001	16S	full_length_16S	Archaea	M1M_ORG001	Methanobrevibacter ruminantium M1	isolated_16S_record	NR_074117.1	NR_074117.1	1436	b963df887d3b311473fac794dc4a9b880be43426b4f7ae5ae12efffd43b81f6c	M1M_16S_VAR001	M1M_OTU97_001	15	NR_074117.1	yes
M1M_16S_T002	16S	full_length_16S	Archaea	M1M_ORG002	Methanosarcina mazei Go1	isolated_16S_record	NR_074221.1	NR_074221.1	1474	37989db61696155511d10a0c255bdbb3d5eed796ebccf86c7baa52ec9a9bd7b8	M1M_16S_VAR002	M1M_OTU97_002	10	NR_074221.1	yes
M1M_16S_T003	16S	full_length_16S	Archaea	M1M_ORG003	Methanothrix soehngenii GP6	isolated_16S_record	NR_102903.1	NR_102903.1	1468	732422eaec7ed5dc1937a8783ff5643e045ad7ef988f6e8a6c36deb95444035d	M1M_16S_VAR003	M1M_OTU97_003	13	NR_102903.1	yes
M1M_16S_T004	16S	full_length_16S	Archaea	M1M_ORG004	Nitrosopumilus maritimus SCM1	isolated_16S_record	NR_102913.1	NR_102913.1	1469	f24da024b182fa385bb04108882993bb36f87eedfe1a722441105962b3a60c6e	M1M_16S_VAR004	M1M_OTU97_004	12	NR_102913.1	yes
M1M_16S_T005	16S	full_length_16S	Archaea	M1M_ORG005	Haloferax volcanii DS2	isolated_16S_record	NR_074218.1	NR_074218.1	1473	0adbdbd10c2d90679fae3bff8f6d181821669a02f6740cdb776d946e64dbe0c2	M1M_16S_VAR005	M1M_OTU97_005	11	NR_074218.1	yes
M1M_16S_T006	16S	full_length_16S	Archaea	M1M_ORG006	Methanobrevibacter smithii ATCC 35061 strain PS	isolated_16S_record	NR_074235.1	NR_074235.1	1475	4720319ad840aa3bc278448ac8df262523f2a9cb04cdaa904a70272f2fb86dc3	M1M_16S_VAR006	M1M_OTU97_006	9	NR_074235.1	yes
M1M_16S_T007	16S	full_length_16S	Archaea	M1M_ORG007	Methanocaldococcus infernus strain ME	isolated_16S_record	NR_074258.1	NR_074258.1	1478	aab860ed16ccb93369fd2d8881ed3c9205faf20963a7c83ba6ea784fb5c50e4a	M1M_16S_VAR007	M1M_OTU97_007	7	NR_074258.1	yes
M1M_16S_T008	16S	full_length_16S	Archaea	M1M_ORG008	Sulfolobus acidocaldarius	isolated_16S_record	D14876.1	D14876.1	1493	6d6593c0f7547f857d73cbbc2e14097237db9fede37152ca4987271ab0381d0c	M1M_16S_VAR008	M1M_OTU97_008	6	D14876.1	yes
M1M_16S_T009	16S	full_length_16S	Archaea	M1M_ORG009	Methanobrevibacter sp. AbM4	genome_annotated_locus	NC_021355.1	NC_021355.1_16S_1	1477	00cb9be9dd64ffdf4c4b4be0490a9d87ac37bda2e187f69f3433fa068a703719	M1M_16S_VAR009	M1M_OTU97_009	8	NC_021355.1_16S_1	yes
M1M_16S_T010	16S	full_length_16S	Archaea	M1M_ORG009	Methanobrevibacter sp. AbM4	genome_annotated_locus	NC_021355.1	NC_021355.1_16S_2	1477	f14b481108abdcac12ddbb77ae23b4e6779b5c9d953ab5e4767d9ecdaf1cb730	M1M_16S_VAR010	M1M_OTU97_009	8	NC_021355.1_16S_1	yes
M1M_16S_T011	16S	full_length_16S	Archaea	M1M_ORG010	Methanospirillum hungatei JF-1	genome_annotated_locus	NC_007796.1	NC_007796.1_16S_1	1466	8637c46f22aa0f30029870692a2bd6f235682f95bdd833381c16533c63b566ce	M1M_16S_VAR011	M1M_OTU97_010	14	NC_007796.1_16S_1	yes
M1M_16S_T012	16S	full_length_16S	Archaea	M1M_ORG010	Methanospirillum hungatei JF-1	genome_annotated_locus	NC_007796.1	NC_007796.1_16S_2	1466	7b61ab1fa8722500a0e6c6a676e25d93ba6a3e1deaebe97e356d5e249a451926	M1M_16S_VAR012	M1M_OTU97_010	14	NC_007796.1_16S_1	yes
M1M_16S_T013	16S	full_length_16S	Bacteria	M1M_ORG011	Bacteroides fragilis NCTC 9343	isolated_16S_record	NR_074784.2	NR_074784.2	1529	92da04d708df09779542764a5fb3d6862ec31d20eb1bd1c9c859ac1c1279a2fa	M1M_16S_VAR013	M1M_OTU97_011	4	NR_074784.2	yes
M1M_16S_T014	16S	full_length_16S	Bacteria	M1M_ORG012	Bacillus subtilis subsp. subtilis strain 168	isolated_16S_record	NR_102783.2	NR_102783.2	1550	06cf0e4b260c4cb7c121b88825cf87d083ad1a2f4a4c721444605eae7884a015	M1M_16S_VAR014	M1M_OTU97_012	1	NR_102783.2	yes
M1M_16S_T015	16S	full_length_16S	Bacteria	M1M_ORG013	Clostridium acetobutylicum ATCC 824	isolated_16S_record	NR_074511.2	NR_074511.2	1506	9d133d0a6b6f14c6661a2667283aca3fd6707106349fed9756f83051e05081f9	M1M_16S_VAR015	M1M_OTU97_013	5	NR_074511.2	yes
M1M_16S_T016	16S	full_length_16S	Bacteria	M1M_ORG014	Escherichia coli K-12 MG1655	genome_annotated_locus	NC_000913.3	NC_000913.3_16S_1	1542	c97bfd489a7e55a9fe54425639855112dbbf6b36ebb28359241b5a0f12755f17	M1M_16S_VAR016	M1M_OTU97_014	2	NC_003197.2_16S_7	yes
M1M_16S_T017	16S	full_length_16S	Bacteria	M1M_ORG014	Escherichia coli K-12 MG1655	genome_annotated_locus	NC_000913.3	NC_000913.3_16S_5	1542	a0906970ddf6d90afe854ba8936e214eda2fbb9cd960b7615ecfc068b887ed0e	M1M_16S_VAR017	M1M_OTU97_015	3	NC_000913.3_16S_5	yes
M1M_16S_T018	16S	full_length_16S	Bacteria	M1M_ORG015	Salmonella enterica serovar Typhimurium LT2	genome_annotated_locus	NC_003197.2	NC_003197.2_16S_7	1545	b51563fdbf253b858fcdadc284ddf83b16f743128ba203e4972936b233435aed	M1M_16S_VAR018	M1M_OTU97_014	2	NC_003197.2_16S_7	yes
M1M_16S_T019	16S	full_length_16S	Bacteria	M1M_ORG016	Enterococcus faecalis V583	genome_annotated_locus	NC_004668.1	NC_004668.1_16S_1	1561	d404e9e07a1a6d5f100d6f4c297cfe9b2cb1f6e6f6f2b35b900fcdb1a164ac86	M1M_16S_VAR019	M1M_OTU97_016	0	NC_004668.1_16S_1	yes
M1M_16S_T020	16S	full_length_16S	Bacteria	M1M_ORG016	Enterococcus faecalis V583	genome_annotated_locus	NC_004668.1	NC_004668.1_16S_2	1561	22969166314cf7856b8b1e523fbb3a7757f8cfa1f6b973aa37e34d7d6ed8d7fd	M1M_16S_VAR020	M1M_OTU97_016	0	NC_004668.1_16S_1	yes
