template_id	marker	template_sequence_type	domain	organism_id	organism_name	source_type	source_accession	source_sequence_id	sequence_length	sequence_sha256	exact_variant_id	otu97_id	vsearch_cluster_id	otu97_centroid_source_id	selected_final	taxonomy_query_name	ncbi_taxid	ncbi_tax_name	ncbi_tax_rank	ncbi_domain	ncbi_phylum	ncbi_class	ncbi_order	ncbi_family	ncbi_genus	ncbi_species	physical_locus_provenance_available	locus_parent_accession	locus_gene	locus_tag	locus_old_locus_tag	locus_start_1based	locus_end_1based	locus_strand	locus_provenance_source	project_primer_terminal_window	project_forward_best_mismatches	project_forward_3prime_mismatches	project_forward_distance_from_expected_end	project_reverse_best_mismatches	project_reverse_3prime_mismatches	project_reverse_distance_from_expected_end	project_exact_pair	archaea_specific_forward_terminal_window	archaea_specific_forward_best_mismatches	archaea_specific_forward_3prime_mismatches	archaea_specific_forward_distance_from_expected_end	archaea_specific_reverse_terminal_window	archaea_specific_reverse_best_mismatches	archaea_specific_reverse_3prime_mismatches	archaea_specific_reverse_distance_from_expected_end	archaea_specific_exact_pair
M1M_16S_T001	16S	full_length_16S	Archaea	M1M_ORG001	Methanobrevibacter ruminantium M1	isolated_16S_record	NR_074117.1	NR_074117.1	1436	b963df887d3b311473fac794dc4a9b880be43426b4f7ae5ae12efffd43b81f6c	M1M_16S_VAR001	M1M_OTU97_001	15	NR_074117.1	yes	Methanobrevibacter ruminantium	83816	Methanobrevibacter ruminantium	SPECIES	Archaea	Methanobacteriota	Methanobacteria	Methanobacteriales	Methanobacteriaceae	Methanobrevibacter	Methanobrevibacter ruminantium	no	.	.	.	.	.	.	.	.	100	8	0	60	0	0	3	no	50	9	3	1	200	0	0	102	no
M1M_16S_T002	16S	full_length_16S	Archaea	M1M_ORG002	Methanosarcina mazei Go1	isolated_16S_record	NR_074221.1	NR_074221.1	1474	37989db61696155511d10a0c255bdbb3d5eed796ebccf86c7baa52ec9a9bd7b8	M1M_16S_VAR002	M1M_OTU97_002	10	NR_074221.1	yes	Methanosarcina mazei	2209	Methanosarcina mazei	SPECIES	Archaea	Methanobacteriota	Methanomicrobia	Methanosarcinales	Methanosarcinaceae	Methanosarcina	Methanosarcina mazei	no	.	.	.	.	.	.	.	.	100	7	2	1	0	0	30	no	50	2	1	1	200	0	0	130	no
M1M_16S_T003	16S	full_length_16S	Archaea	M1M_ORG003	Methanothrix soehngenii GP6	isolated_16S_record	NR_102903.1	NR_102903.1	1468	732422eaec7ed5dc1937a8783ff5643e045ad7ef988f6e8a6c36deb95444035d	M1M_16S_VAR003	M1M_OTU97_003	13	NR_102903.1	yes	Methanothrix soehngenii	2223	Methanothrix soehngenii	SPECIES	Archaea	Methanobacteriota	Methanomicrobia	Methanotrichales	Methanotrichaceae	Methanothrix	Methanothrix soehngenii	no	.	.	.	.	.	.	.	.	100	9	0	66	0	0	30	no	50	9	3	12	200	0	0	129	no
M1M_16S_T004	16S	full_length_16S	Archaea	M1M_ORG004	Nitrosopumilus maritimus SCM1	isolated_16S_record	NR_102913.1	NR_102913.1	1469	f24da024b182fa385bb04108882993bb36f87eedfe1a722441105962b3a60c6e	M1M_16S_VAR004	M1M_OTU97_004	12	NR_102913.1	yes	Nitrosopumilus maritimus	338192	Nitrosopumilus maritimus	SPECIES	Archaea	Nitrososphaerota	Nitrososphaeria	Nitrosopumilales	Nitrosopumilaceae	Nitrosopumilus	Nitrosopumilus maritimus	no	.	.	.	.	.	.	.	.	100	8	3	0	1	0	30	no	50	0	0	0	200	0	0	129	yes
M1M_16S_T005	16S	full_length_16S	Archaea	M1M_ORG005	Haloferax volcanii DS2	isolated_16S_record	NR_074218.1	NR_074218.1	1473	0adbdbd10c2d90679fae3bff8f6d181821669a02f6740cdb776d946e64dbe0c2	M1M_16S_VAR005	M1M_OTU97_005	11	NR_074218.1	yes	Haloferax volcanii	2246	Haloferax volcanii	SPECIES	Archaea	Methanobacteriota	Halobacteria	Halobacteriales	Haloferacaceae	Haloferax	Haloferax volcanii	no	.	.	.	.	.	.	.	.	100	7	2	2	0	0	30	no	50	0	0	2	200	0	0	124	yes
M1M_16S_T006	16S	full_length_16S	Archaea	M1M_ORG006	Methanobrevibacter smithii ATCC 35061 strain PS	isolated_16S_record	NR_074235.1	NR_074235.1	1475	4720319ad840aa3bc278448ac8df262523f2a9cb04cdaa904a70272f2fb86dc3	M1M_16S_VAR006	M1M_OTU97_006	9	NR_074235.1	yes	Methanobrevibacter smithii	2173	Methanobrevibacter smithii	SPECIES	Archaea	Methanobacteriota	Methanobacteria	Methanobacteriales	Methanobacteriaceae	Methanobrevibacter	Methanobrevibacter smithii	no	.	.	.	.	.	.	.	.	100	6	3	1	0	0	30	no	50	4	2	1	200	0	0	129	no
M1M_16S_T007	16S	full_length_16S	Archaea	M1M_ORG007	Methanocaldococcus infernus strain ME	isolated_16S_record	NR_074258.1	NR_074258.1	1478	aab860ed16ccb93369fd2d8881ed3c9205faf20963a7c83ba6ea784fb5c50e4a	M1M_16S_VAR007	M1M_OTU97_007	7	NR_074258.1	yes	Methanocaldococcus infernus	67760	Methanocaldococcus infernus	SPECIES	Archaea	Methanobacteriota	Methanococci	Methanococcales	Methanocaldococcaceae	Methanocaldococcus	Methanocaldococcus infernus	no	.	.	.	.	.	.	.	.	100	7	2	0	0	0	27	no	50	0	0	0	200	0	0	127	yes
M1M_16S_T008	16S	full_length_16S	Archaea	M1M_ORG008	Sulfolobus acidocaldarius	isolated_16S_record	D14876.1	D14876.1	1493	6d6593c0f7547f857d73cbbc2e14097237db9fede37152ca4987271ab0381d0c	M1M_16S_VAR008	M1M_OTU97_008	6	D14876.1	yes	Sulfolobus acidocaldarius	2285	Sulfolobus acidocaldarius	SPECIES	Archaea	Thermoproteota	Thermoprotei	Sulfolobales	Sulfolobaceae	Sulfolobus	Sulfolobus acidocaldarius	no	.	.	.	.	.	.	.	.	100	8	3	2	0	0	29	no	50	0	0	2	200	0	0	130	yes
M1M_16S_T009	16S	full_length_16S	Archaea	M1M_ORG009	Methanobrevibacter sp. AbM4	genome_annotated_locus	NC_021355.1	NC_021355.1_16S_1	1477	00cb9be9dd64ffdf4c4b4be0490a9d87ac37bda2e187f69f3433fa068a703719	M1M_16S_VAR009	M1M_OTU97_009	8	NC_021355.1_16S_1	yes	Methanobrevibacter sp. AbM4	224719	Methanobrevibacter sp. AbM4	SPECIES	Archaea	Methanobacteriota	Methanobacteria	Methanobacteriales	Methanobacteriaceae	Methanobrevibacter	Methanobrevibacter sp. AbM4	yes	NC_021355.1	.	ABM4_RS01930	Abm4_1740	476429	477905	+	NCBI_GenBank_annotation	100	6	3	2	0	0	30	no	50	4	2	2	200	0	0	128	no
M1M_16S_T010	16S	full_length_16S	Archaea	M1M_ORG009	Methanobrevibacter sp. AbM4	genome_annotated_locus	NC_021355.1	NC_021355.1_16S_2	1477	f14b481108abdcac12ddbb77ae23b4e6779b5c9d953ab5e4767d9ecdaf1cb730	M1M_16S_VAR010	M1M_OTU97_009	8	NC_021355.1_16S_1	yes	Methanobrevibacter sp. AbM4	224719	Methanobrevibacter sp. AbM4	SPECIES	Archaea	Methanobacteriota	Methanobacteria	Methanobacteriales	Methanobacteriaceae	Methanobrevibacter	Methanobrevibacter sp. AbM4	yes	NC_021355.1	.	ABM4_RS03100	Abm4_1743	766738	768214	+	NCBI_GenBank_annotation	100	6	3	2	0	0	30	no	50	4	2	2	200	0	0	129	no
M1M_16S_T011	16S	full_length_16S	Archaea	M1M_ORG010	Methanospirillum hungatei JF-1	genome_annotated_locus	NC_007796.1	NC_007796.1_16S_1	1466	8637c46f22aa0f30029870692a2bd6f235682f95bdd833381c16533c63b566ce	M1M_16S_VAR011	M1M_OTU97_010	14	NC_007796.1_16S_1	yes	Methanospirillum hungatei	2203	Methanospirillum hungatei	SPECIES	Archaea	Methanobacteriota	Methanomicrobia	Methanomicrobiales	Methanospirillaceae	Methanospirillum	Methanospirillum hungatei	yes	NC_007796.1	.	MHUN_RS00130	Mhun_R0001	39814	41279	+	NCBI_GenBank_annotation	100	7	2	2	0	0	30	no	50	2	1	2	200	0	0	127	no
M1M_16S_T012	16S	full_length_16S	Archaea	M1M_ORG010	Methanospirillum hungatei JF-1	genome_annotated_locus	NC_007796.1	NC_007796.1_16S_2	1466	7b61ab1fa8722500a0e6c6a676e25d93ba6a3e1deaebe97e356d5e249a451926	M1M_16S_VAR012	M1M_OTU97_010	14	NC_007796.1_16S_1	yes	Methanospirillum hungatei	2203	Methanospirillum hungatei	SPECIES	Archaea	Methanobacteriota	Methanomicrobia	Methanomicrobiales	Methanospirillaceae	Methanospirillum	Methanospirillum hungatei	yes	NC_007796.1	.	MHUN_RS06045	Mhun_R0027	1301079	1302544	-	NCBI_GenBank_annotation	100	7	2	2	0	0	30	no	50	2	1	2	200	0	0	127	no
M1M_16S_T013	16S	full_length_16S	Bacteria	M1M_ORG011	Bacteroides fragilis NCTC 9343	isolated_16S_record	NR_074784.2	NR_074784.2	1529	92da04d708df09779542764a5fb3d6862ec31d20eb1bd1c9c859ac1c1279a2fa	M1M_16S_VAR013	M1M_OTU97_011	4	NR_074784.2	yes	Bacteroides fragilis	817	Bacteroides fragilis	SPECIES	Bacteria	Bacteroidota	Bacteroidia	Bacteroidales	Bacteroidaceae	Bacteroides	Bacteroides fragilis	no	.	.	.	.	.	.	.	.	100	0	0	7	0	0	32	yes	50	7	3	7	200	3	3	132	no
M1M_16S_T014	16S	full_length_16S	Bacteria	M1M_ORG012	Bacillus subtilis subsp. subtilis strain 168	isolated_16S_record	NR_102783.2	NR_102783.2	1550	06cf0e4b260c4cb7c121b88825cf87d083ad1a2f4a4c721444605eae7884a015	M1M_16S_VAR014	M1M_OTU97_012	1	NR_102783.2	yes	Bacillus subtilis	1423	Bacillus subtilis	SPECIES	Bacteria	Bacillota	Bacilli	Caryophanales	Bacillaceae	Bacillus	Bacillus subtilis	no	.	.	.	.	.	.	.	.	100	0	0	7	0	0	32	yes	50	7	3	7	200	3	3	142	no
M1M_16S_T015	16S	full_length_16S	Bacteria	M1M_ORG013	Clostridium acetobutylicum ATCC 824	isolated_16S_record	NR_074511.2	NR_074511.2	1506	9d133d0a6b6f14c6661a2667283aca3fd6707106349fed9756f83051e05081f9	M1M_16S_VAR015	M1M_OTU97_013	5	NR_074511.2	yes	Clostridium acetobutylicum	1488	Clostridium acetobutylicum	SPECIES	Bacteria	Bacillota	Clostridia	Eubacteriales	Clostridiaceae	Clostridium	Clostridium acetobutylicum	no	.	.	.	.	.	.	.	.	100	0	0	7	0	0	32	yes	50	7	3	7	200	4	4	141	no
M1M_16S_T016	16S	full_length_16S	Bacteria	M1M_ORG014	Escherichia coli K-12 MG1655	genome_annotated_locus	NC_000913.3	NC_000913.3_16S_1	1542	c97bfd489a7e55a9fe54425639855112dbbf6b36ebb28359241b5a0f12755f17	M1M_16S_VAR016	M1M_OTU97_014	2	NC_003197.2_16S_7	yes	Escherichia coli	562	Escherichia coli	SPECIES	Bacteria	Pseudomonadota	Gammaproteobacteria	Enterobacterales	Enterobacteriaceae	Escherichia	Escherichia coli	yes	NC_000913.3	rrsH	b0201	.	223771	225312	+	NCBI_GenBank_annotation	100	0	0	7	0	0	32	yes	50	8	3	7	200	3	3	141	no
M1M_16S_T017	16S	full_length_16S	Bacteria	M1M_ORG014	Escherichia coli K-12 MG1655	genome_annotated_locus	NC_000913.3	NC_000913.3_16S_5	1542	a0906970ddf6d90afe854ba8936e214eda2fbb9cd960b7615ecfc068b887ed0e	M1M_16S_VAR017	M1M_OTU97_015	3	NC_000913.3_16S_5	yes	Escherichia coli	562	Escherichia coli	SPECIES	Bacteria	Pseudomonadota	Gammaproteobacteria	Enterobacterales	Enterobacteriaceae	Escherichia	Escherichia coli	yes	NC_000913.3	rrsA	b3851	.	4035531	4037072	+	NCBI_GenBank_annotation	100	0	0	7	0	0	32	yes	50	8	3	7	200	3	3	141	no
M1M_16S_T018	16S	full_length_16S	Bacteria	M1M_ORG015	Salmonella enterica serovar Typhimurium LT2	genome_annotated_locus	NC_003197.2	NC_003197.2_16S_7	1545	b51563fdbf253b858fcdadc284ddf83b16f743128ba203e4972936b233435aed	M1M_16S_VAR018	M1M_OTU97_014	2	NC_003197.2_16S_7	yes	Salmonella enterica	28901	Salmonella enterica	SPECIES	Bacteria	Pseudomonadota	Gammaproteobacteria	Enterobacterales	Enterobacteriaceae	Salmonella	Salmonella enterica	yes	NC_003197.2	rrsE	STM4177	.	4394688	4396232	+	NCBI_GenBank_annotation	100	0	0	7	0	0	35	yes	50	8	3	7	200	3	3	144	no
M1M_16S_T019	16S	full_length_16S	Bacteria	M1M_ORG016	Enterococcus faecalis V583	genome_annotated_locus	NC_004668.1	NC_004668.1_16S_1	1561	d404e9e07a1a6d5f100d6f4c297cfe9b2cb1f6e6f6f2b35b900fcdb1a164ac86	M1M_16S_VAR019	M1M_OTU97_016	0	NC_004668.1_16S_1	yes	Enterococcus faecalis	1351	Enterococcus faecalis	SPECIES	Bacteria	Bacillota	Bacilli	Lactobacillales	Enterococcaceae	Enterococcus	Enterococcus faecalis	yes	NC_004668.1	.	EF_RS01225	.	248459	250019	+	NCBI_GenBank_annotation	100	0	0	7	0	0	32	yes	50	7	3	7	200	3	3	142	no
M1M_16S_T020	16S	full_length_16S	Bacteria	M1M_ORG016	Enterococcus faecalis V583	genome_annotated_locus	NC_004668.1	NC_004668.1_16S_2	1561	22969166314cf7856b8b1e523fbb3a7757f8cfa1f6b973aa37e34d7d6ed8d7fd	M1M_16S_VAR020	M1M_OTU97_016	0	NC_004668.1_16S_1	yes	Enterococcus faecalis	1351	Enterococcus faecalis	SPECIES	Bacteria	Bacillota	Bacilli	Lactobacillales	Enterococcaceae	Enterococcus	Enterococcus faecalis	yes	NC_004668.1	.	EF_RS05015	.	1018180	1019740	+	NCBI_GenBank_annotation	100	0	0	7	0	0	32	yes	50	7	3	7	200	3	3	142	no
