template_id	sample_id	intended_reads	realized_reads	lost_reads	realization_fraction
M1M_16S_T001	S01	320	216	104	0.675
M1M_16S_T001	S02	896	579	317	0.646205
M1M_16S_T001	S03	80	57	23	0.7125
M1M_16S_T002	S01	320	206	114	0.64375
M1M_16S_T002	S02	320	214	106	0.66875
M1M_16S_T002	S03	0	0	0	NA
M1M_16S_T003	S01	320	210	110	0.65625
M1M_16S_T003	S02	0	0	0	NA
M1M_16S_T003	S03	0	0	0	NA
M1M_16S_T004	S01	320	217	103	0.678125
M1M_16S_T004	S02	640	419	221	0.654687
M1M_16S_T004	S03	160	100	60	0.625
M1M_16S_T005	S01	320	197	123	0.615625
M1M_16S_T005	S02	256	178	78	0.695312
M1M_16S_T005	S03	0	0	0	NA
M1M_16S_T006	S01	320	201	119	0.628125
M1M_16S_T006	S02	64	41	23	0.640625
M1M_16S_T006	S03	0	0	0	NA
M1M_16S_T007	S01	320	217	103	0.678125
M1M_16S_T007	S02	64	47	17	0.734375
M1M_16S_T007	S03	80	53	27	0.6625
M1M_16S_T008	S01	320	228	92	0.7125
M1M_16S_T008	S02	32	19	13	0.59375
M1M_16S_T008	S03	0	0	0	NA
M1M_16S_T009	S01	160	106	54	0.6625
M1M_16S_T009	S02	96	66	30	0.6875
M1M_16S_T009	S03	160	106	54	0.6625
M1M_16S_T010	S01	160	101	59	0.63125
M1M_16S_T010	S02	96	61	35	0.635417
M1M_16S_T010	S03	160	97	63	0.60625
M1M_16S_T011	S01	160	102	58	0.6375
M1M_16S_T011	S02	80	55	25	0.6875
M1M_16S_T011	S03	160	120	40	0.75
M1M_16S_T012	S01	160	114	46	0.7125
M1M_16S_T012	S02	80	50	30	0.625
M1M_16S_T012	S03	160	108	52	0.675
M1M_16S_T013	S01	320	217	103	0.678125
M1M_16S_T013	S02	1280	854	426	0.667188
M1M_16S_T013	S03	80	50	30	0.625
M1M_16S_T014	S01	320	221	99	0.690625
M1M_16S_T014	S02	128	84	44	0.65625
M1M_16S_T014	S03	0	0	0	NA
M1M_16S_T015	S01	320	222	98	0.69375
M1M_16S_T015	S02	32	24	8	0.75
M1M_16S_T015	S03	80	53	27	0.6625
M1M_16S_T016	S01	160	101	59	0.63125
M1M_16S_T016	S02	256	177	79	0.691406
M1M_16S_T016	S03	1280	849	431	0.663281
M1M_16S_T017	S01	160	103	57	0.64375
M1M_16S_T017	S02	256	175	81	0.683594
M1M_16S_T017	S03	1280	855	425	0.667969
M1M_16S_T018	S01	320	224	96	0.7
M1M_16S_T018	S02	96	59	37	0.614583
M1M_16S_T018	S03	1280	856	424	0.66875
M1M_16S_T019	S01	160	100	60	0.625
M1M_16S_T019	S02	224	148	76	0.660714
M1M_16S_T019	S03	80	58	22	0.725
M1M_16S_T020	S01	160	112	48	0.7
M1M_16S_T020	S02	224	147	77	0.65625
M1M_16S_T020	S03	80	54	26	0.675
