read_id	template	sample	left_boundary_insertions	right_boundary_insertions	start_shift_min	start_shift_max	end_shift_min	end_shift_max	best_edit_distance	best_edit_rate	cigar
template10_A1_np17/S/3/ccs	M1M_16S_T010	S01	3	0	-18	-15	4	4	77	0.04977376	1X7D1=4D2=1D1=6D12=3I3=1I12=1X55=1D26=1D1=1D54=1D25=1D3=1D25=1D1=1D64=2D29=1I9=1I36=1I7=1D208=1X6=1I2=1I12=1D12=1D29=1I18=1I23=1D18=1I20=1I24=1I15=1D14=1D25=1D30=1D11=1I34=1I14=1X36=1I18=1D51=1I51=1I55=1D58=1I2=1D8=1D90=1D52=1D27=1D7=1I59=1I78=1X1D5=1I12=1D1=2D1=1D1=1X
template11_A2_np15/S/1/ccs	M1M_16S_T011	S02	0	2	-6	-6	-2	0	47	0.03059896	3D1=3D25=1X55=1D1=1D58=1D2=1I119=1D77=1I54=1I26=1I40=1I18=1I8=1D47=1I86=1D4=1I18=1I1=1D1=1D95=1I46=1D2=1I19=1I5=1I133=1I40=1I26=1I129=1D30=1I17=1D26=1D33=1D53=1D14=1D9=1I30=1D1=1D66=1D10=1I46=1D4=2I35=
template12_A2_np13/S/3/ccs	M1M_16S_T012	S02	0	1	1	1	0	1	27	0.01757812	3=1I143=1I14=1D16=1D183=1I103=1I34=1D18=1D25=1I38=1I89=1D44=1I28=1I54=1I103=1I92=1D41=1D63=1D93=1I67=1I10=1I65=1I51=1I23=1I45=1D47=1I34=1D
template13_A2_np14/S/6/ccs	M1M_16S_T013	S02	0	1	1	1	7	8	33	0.02063790	3=1I101=1I65=1D102=1I128=1D84=1I7=1D20=1D17=1I76=1D114=2I7=1D306=1D8=1I99=1I249=1D1=1I31=1D21=1I24=1D15=1I70=1I6=1I20=3D1=5D5=1X
template13_A2_np21/S/11/ccs	M1M_16S_T013	S02	0	1	-1	-1	7	8	37	0.02313946	1D208=1D62=1I59=1I129=1D43=1D8=1D110=1X92=1I8=1I118=2D115=1I39=1I1=2I44=1D77=1D95=1I23=1I36=1I33=1D41=1I141=1I55=1I9=1D6=1I21=1I5=9D
template13_A2_np27/S/10/ccs	M1M_16S_T013	S02	0	1	0	0	8	9	24	0.01500938	237=1D474=1I39=1I188=1D20=1I184=1I74=1I59=1I74=1D105=1I54=1I53=1I2=1I13=1D4=3D1=2D1=1D1=2D2=1X1D
template16_A1_np14/S/2/ccs	M1M_16S_T016	S01	1	0	0	1	2	2	31	0.01923077	35=1I13=1D36=1D18=1I50=1D28=1I36=1D2=1D237=1I22=1I224=1I43=1I127=1I8=1I2=1D30=1D5=1I126=2D8=1I91=1D37=1D109=1I42=1I32=1D133=1D45=1I54=1X1=1X1D1=1D
template16_A1_np15/S/2/ccs	M1M_16S_T016	S01	1	0	0	1	0	0	35	0.02171216	35=1I76=1I100=1I100=1I18=1I163=1I15=1D32=1D8=1I8=2D6=1I106=1I35=1I193=1D7=1D15=1I15=1I5=1D20=1I3=1I12=1D11=1D28=1D1=2D59=1I68=1D16=1D2=1D14=1D1=1D24=1I92=1I235=1I72=
template17_A3_np18/S/9/ccs	M1M_16S_T017	S03	1	0	0	1	35	35	87	0.05397022	35=1I113=1I15=1I24=1I18=1X32=1I39=1I18=1I37=1I65=1I3=1D7=1X37=1D162=1I21=1D6=1D40=1D59=1D7=1I4=1X1=1D15=1D19=1D2=1I5=1D14=1I58=1D73=1D28=1D90=1I14=2D29=1D1=1D52=1D7=1D24=1I3=1D14=1X48=2D24=1D1=1D130=1I5=2D15=1D29=1I50=1I13=1D14=1I24=36D
template17_A3_np23/S/1/ccs	M1M_16S_T017	S03	1	0	-4	-3	-1	-1	46	0.02853598	3D1=1D30=1I51=1I24=1I5=1D67=1I7=1D206=1I42=1D42=1I13=1D9=1I6=1I38=1I81=1D10=1I69=1D28=2D33=1I7=1D141=1I15=1I234=1I22=1I17=1X2=1D42=1I40=1D16=1I12=1D3=3D20=2D63=1X39=1I7=1D4=2I36=1D105=1I
template18_A1_np11/S/3/ccs	M1M_16S_T018	S01	0	1	3	3	3	4	48	0.02972136	4=1I1=1I21=1I22=1D45=1D11=1D41=1I15=1I4=1I41=1I31=1I9=1I15=1I12=1X1=1D50=1I69=1I252=1I3=1I24=1D92=1I7=1D39=1D64=1D2=1X47=1I6=1I26=1I168=1D89=1I11=1I8=1D45=1I79=1I18=1D37=1I17=1I27=1I24=1I7=1I57=1D25=1I25=1D1=1D1=2X1=2D1=
template18_A1_np11/S/9/ccs	M1M_16S_T018	S01	0	1	0	0	0	1	41	0.02538700	44=1I104=1I35=1I6=1I8=1I36=1I88=1I103=1D21=1D13=1I9=1D12=1I11=1D3=1I15=1X7=2D12=1I68=1D10=1D1=1I91=1I1=1D24=1I89=1I11=1I100=1I5=1D11=1D41=1D249=1D73=1I3=1D2=1I131=1I43=1D10=1D45=1I9=1D18=1I21=1D13=
template18_A1_np18/S/6/ccs	M1M_16S_T018	S01	0	1	1	1	-3	-2	26	0.01609907	11=1I211=1I1=1I6=1I10=1I31=1I104=1I49=1D58=1I39=1D43=1I2=1D158=1I95=1I43=1D99=1I90=1I38=1D27=1D101=1I142=1I31=1I57=1I128=1I30=1I5=1I
template18_A1_np24/S/7/ccs	M1M_16S_T018	S01	0	1	0	0	1	2	58	0.03591331	86=1D3=1I24=1I14=1D19=1I17=1D8=1X11=1D64=3D3=1X1=2I31=1D1=1X1=1D2=1D7=2D1=1X1I24=1I24=1I12=1D30=1D48=1D34=1D53=1D74=1D1=1I2=1D1=1D6=1X9=1I1=1D38=1D9=1I20=1I43=1I77=1I89=1I49=1I46=1I40=1D2=1D42=1X1=1I189=1I30=1I28=1D38=1D167=1I3=1I25=1I17=1D1=1D12=1X2=
template18_A2_np27/S/1/ccs	M1M_16S_T018	S02	0	1	1	1	10	11	58	0.03591331	11=1I105=1D12=1D24=1D21=1D6=1I14=1I3=1I16=1D15=1I166=1D9=1D72=1D5=1I13=1D47=1D25=1I20=1D7=1D12=1I2=1D1=1X2=2D137=1D19=1D29=1I43=1D21=1I68=1I20=1I90=1I17=1I23=1D5=1D19=1D1=2D3=1X2=1I75=1D216=1I55=1I57=1D45=1I3=1I12=1D1=3D1=1D1=1D4=1D1=5D
template18_A3_np11/S/13/ccs	M1M_16S_T018	S03	0	1	0	0	-1	0	46	0.02848297	55=1I108=1I37=1I31=1D7=1I9=1I21=1D7=1I55=1I51=1I29=1D2=1I53=1I14=1I7=1D2=1D6=1I54=1D6=1D52=1I35=1X7=1D154=1I56=1D55=1I22=1I4=1X136=1I21=1D12=1D15=1D6=2I2=1I97=1I49=1D14=1D37=1D2=1I41=1I31=1I88=1D2=1I14=1I21=1I35=1I35=
template18_A3_np11/S/18/ccs	M1M_16S_T018	S03	0	1	1	1	3	4	47	0.02910217	26=1I11=1D18=1D91=1I35=1I87=1I7=1I55=1X3=1I52=1I2=1D137=1I2=1D18=1I39=1D90=1I20=1D7=1D5=1X35=1I3=1I38=1I20=1D13=1I7=1D100=1I189=1X21=1D5=1I30=1I38=1I97=1I54=1I6=1D67=1D2=1I6=1D29=1D4=1I27=1I14=1D29=1I23=1I31=4D
template18_A3_np11/S/32/ccs	M1M_16S_T018	S03	0	1	1	1	2	3	54	0.03343653	17=1X9=1I10=1D66=1I36=1I8=1D14=1I20=1I49=1I37=1D31=1I57=1I41=1I37=1I16=1I41=1I7=1D5=1I40=1I2=1D51=1I32=1D8=1I11=1I25=1I8=1I21=1I51=1D45=1I62=1I21=1D7=1I7=1D13=1I28=1D20=1I27=1D78=1D36=1D13=1I89=1I7=1X4=1I20=1I17=1D22=1I21=1I81=1D195=1I28=1I3=4D
template18_A3_np13/S/11/ccs	M1M_16S_T018	S03	0	1	0	0	2	3	35	0.02167183	42=1D44=1I105=1I40=1I115=1I99=1D86=1D68=1D20=1I16=1D4=1I62=1I24=1D14=1D13=1D109=1D6=1I6=1D1=1X15=1I23=1I49=1D77=1I27=1D109=1I35=1I64=1I171=1D8=1I14=1X9=1I90=1I32=3D
template18_A3_np13/S/32/ccs	M1M_16S_T018	S03	0	1	1	1	0	1	24	0.01486068	3=1I373=1D20=1I69=1D15=1I10=1I38=1D34=1I20=3I145=1D33=1I10=1I149=1I263=1D70=1I8=1I200=1D2=1D37=1D45=1I28=1I34=1D
template18_A3_np16/S/24/ccs	M1M_16S_T018	S03	0	1	0	0	-1	0	27	0.01671827	123=2D1=1D21=2I6=1D28=1I14=1I157=1I32=1I27=1I76=1I45=1I39=1I10=1I25=1D67=1D173=1D199=1D69=1D85=1I11=1X4=1I162=1D34=1I71=1I90=1I35=
template18_A3_np33/S/13/ccs	M1M_16S_T018	S03	0	1	1	1	6	7	64	0.03962848	3=1I74=1I34=1I10=2D54=1I6=1I3=1D13=1I129=1I5=1D1=1D14=1I26=1I8=1D10=1D9=1I36=1I5=1D1=1D19=1D12=1I85=1D20=1D13=1D49=1I83=2I47=1I52=1D24=1I48=1D45=1D39=1D95=1I4=1D1=2D3=1I36=1D72=1D7=1X4=1I55=1D2=1I2=1I9=1D27=1I103=1I17=1I85=1I3=1D24=1I9=1D10=1I2=1D5=1I28=7D
template20_A2_np12/S/3/ccs	M1M_16S_T020	S02	0	1	-3	-3	0	1	34	0.02084611	3D114=1I2=1D61=1I11=1I25=1I51=1I20=1I27=1D88=1I66=1I31=1I31=1I57=1I79=1I185=1I15=1D136=1I26=1D124=1I8=1D18=1I34=1I23=1I25=1D58=1I113=1I61=1X22=1X34=1X39=1I34=1D
template2_A1_np23/S/2/ccs	M1M_16S_T002	S01	1	0	-4	-3	0	0	36	0.02331606	3D7=1D24=1I143=1D75=1I42=1I3=1I9=2D18=1I115=1D69=1I66=1D31=1I16=1I14=1D98=1I165=1I68=1I44=1D67=1D74=1X7=1I8=1I60=1D14=1I8=1D31=1I49=1D46=1D27=1I3=1D39=1I3=1D82=
template2_A2_np12/S/2/ccs	M1M_16S_T002	S02	1	0	0	1	1	1	49	0.03173575	3=1I11=1D20=1I70=1I61=1I95=1I70=1I31=1I36=1I6=1D7=1I42=1I26=1I68=1I2=1D10=1D1=1D48=1I34=1I7=1I94=1D30=1D38=1I88=1I6=1D3=1I3=1D18=1D29=1I17=1I37=1I6=1D5=1D1=1D19=1I3=1D69=1D8=1I28=1D22=1I8=1X36=1I49=1D8=1I91=1I31=1D54=1I18=1I40=1D17=
template4_A3_np14/S/3/ccs	M1M_16S_T004	S03	0	1	-1	-1	1	2	27	0.01754386	1D151=1I15=1I26=1D19=1D50=1I26=1I11=1I18=1I34=1X52=1X65=1I151=1I29=1I6=1I7=1D11=1I24=1D41=1I229=1D177=1I218=1D2=1D109=1I23=1I30=2D3=
template5_A1_np23/S/7/ccs	M1M_16S_T005	S01	2	0	-16	-14	0	0	33	0.02138691	1X4D1=2D1=1X3=1D1=1D1=6D1=2D9=2I4=1I1=1I33=1I55=1D66=1I366=1I169=1I49=1D127=1I128=1I54=1I265=1I64=1I125=
template9_A3_np14/S/1/ccs	M1M_16S_T009	S03	0	1	0	0	-1	0	42	0.02714932	104=1D99=1I70=1I113=1I3=1D19=1I5=1X13=1D56=1D53=1I10=1D24=3D39=1D32=1I14=1I46=1D59=1I137=1I19=1I15=1D27=1I79=1D77=1D15=1I23=1I32=1I14=1D10=1I45=1I4=1D18=1D5=1I39=1D10=1D19=1I55=1D70=1I20=1I3=1D29=1I2=
template9_A3_np15/S/3/ccs	M1M_16S_T009	S03	0	1	-15	-15	-1	0	47	0.03038138	3D1=3D2=5D2=3D3=2D3=1I73=1D20=1I37=1I11=1I30=1D20=1D10=1D27=1D59=1I4=1D86=1I24=1I68=1I31=1D38=1I92=1I12=1X216=1I130=1I100=1I3=1D26=1D4=1I22=1D73=1I126=1D18=1I38=1I15=1D59=1I35=
template9_A3_np17/S/4/ccs	M1M_16S_T009	S03	0	1	0	0	0	1	25	0.01616031	43=1D28=1D7=1I24=1D73=1I29=1D15=1D7=1D36=1D141=1I123=1D76=1I48=1I26=1I33=1I190=1I238=1I117=1D71=1I32=1I68=1D17=1D36=1I23=1I34=1D
